title,views,date_time,video_link
How to Merge two SORTED ARRAYS with @SandeepJainGfG  | GeeksforGeeks,565 –ø—Ä–æ—Å–º–æ—Ç—Ä–æ–≤,1 –¥–µ–Ω—å –Ω–∞–∑–∞–¥,https://www.youtube.com/watch?v=pUw1Id6zNTE
Learn Merge Sort in 2 minutes | Episode - 10 | @SandeepJainGfG | Geeksforgeeks,548 –ø—Ä–æ—Å–º–æ—Ç—Ä–æ–≤,4 –¥–Ω—è –Ω–∞–∑–∞–¥,https://www.youtube.com/watch?v=EN8VDyLzs2s
Learn INSERTION SORT in 10 minutes | @SandeepJainGfG | Episode- 9 | GeeksforGeeks,460 –ø—Ä–æ—Å–º–æ—Ç—Ä–æ–≤,6 –¥–Ω–µ–π –Ω–∞–∑–∞–¥,https://www.youtube.com/watch?v=bJ_Q23Wlj_Q
Learn Selection Sort Algorithm | @SandeepJainGfG | Episode - 8 |  GeeksforGeeks,794 –ø—Ä–æ—Å–º–æ—Ç—Ä–∞,8 –¥–Ω–µ–π –Ω–∞–∑–∞–¥,https://www.youtube.com/watch?v=WYVKZ4Mla5c
Lecture-6 Learn Stability in SORTING - Beginners to Advance | GeeksforGeeks,597 –ø—Ä–æ—Å–º–æ—Ç—Ä–æ–≤,13 –¥–Ω–µ–π –Ω–∞–∑–∞–¥,https://www.youtube.com/watch?v=voH3da1RvbA
Lecture-5 Mastering Sorting Algorithms with Java: From Collections.sort to Custom Comparators,971 –ø—Ä–æ—Å–º–æ—Ç—Ä,2 –Ω–µ–¥–µ–ª–∏ –Ω–∞–∑–∞–¥,https://www.youtube.com/watch?v=VSy4TN2jyzE
"Lecture-3 Java Sorting Explained: Arrays vs. Collections, Stability, and Algorithms | GeeksforGeeks","1,1¬†—Ç—ã—Å. –ø—Ä–æ—Å–º–æ—Ç—Ä–æ–≤",2 –Ω–µ–¥–µ–ª–∏ –Ω–∞–∑–∞–¥,https://www.youtube.com/watch?v=mUX5IfNwhjg
7 Game-Changing Productivity Tools You Need to Try! üöÄ | Maximize Your Efficiency | GFG,"1,3¬†—Ç—ã—Å. –ø—Ä–æ—Å–º–æ—Ç—Ä–æ–≤",3 –Ω–µ–¥–µ–ª–∏ –Ω–∞–∑–∞–¥,https://www.youtube.com/watch?v=gH-7ezHeuEo
Get 40LPA+ Jobs - Top MERN Stack Interview Questions 2024 üßë‚Äçüíª| MongoDB |ReactJS | ExpressJS |NodeJS,973 –ø—Ä–æ—Å–º–æ—Ç—Ä–∞,3 –Ω–µ–¥–µ–ª–∏ –Ω–∞–∑–∞–¥,https://www.youtube.com/watch?v=EhjCmg7qiTk
How to Create a Job-Winning Resume: A Complete Guide ü´® | Resume Making | Career Tips | GFG,"1,4¬†—Ç—ã—Å. –ø—Ä–æ—Å–º–æ—Ç—Ä–æ–≤",1 –º–µ—Å—è—Ü –Ω–∞–∑–∞–¥,https://www.youtube.com/watch?v=ZEGi4IXY2ho
9 High Paying Jobs AI Can't Replace üí∏üí° High Demand Jobs 2024 | Geeks for Geeks,"1,6¬†—Ç—ã—Å. –ø—Ä–æ—Å–º–æ—Ç—Ä–æ–≤",1 –º–µ—Å—è—Ü –Ω–∞–∑–∞–¥,https://www.youtube.com/watch?v=mPNpCXHjdkw
10-12 LPA JOBS for Freshers | Applications Closing Soon! Tech + Non Tech Roles | Job Vacancy 2024,"3,1¬†—Ç—ã—Å. –ø—Ä–æ—Å–º–æ—Ç—Ä–æ–≤",1 –º–µ—Å—è—Ü –Ω–∞–∑–∞–¥,https://www.youtube.com/watch?v=G_LoL_bBcQE
"Get DREAM JOB with these NETWORKING TIPS! üí∏üí°LinkedIn, Referrals, Cold Messaging, Networking Events","1,3¬†—Ç—ã—Å. –ø—Ä–æ—Å–º–æ—Ç—Ä–æ–≤",1 –º–µ—Å—è—Ü –Ω–∞–∑–∞–¥,https://www.youtube.com/watch?v=zPqMnLhkfp4
"Best Startup Ideas in College 2024 üí∏üöÄ| Earn Better than Placement? ü§ë | Guide, Ideas, Funding etc","1,4¬†—Ç—ã—Å. –ø—Ä–æ—Å–º–æ—Ç—Ä–æ–≤",1 –º–µ—Å—è—Ü –Ω–∞–∑–∞–¥,https://www.youtube.com/watch?v=G_gowXgOFRA
"Hate Coding? Upto 44 LPA Non Tech Jobs in 2024 üí∏ | Skills, Role and Salary Expected.","1,6¬†—Ç—ã—Å. –ø—Ä–æ—Å–º–æ—Ç—Ä–æ–≤",1 –º–µ—Å—è—Ü –Ω–∞–∑–∞–¥,https://www.youtube.com/watch?v=DMhSsL3-SLk
